,link_to_course,skills
0,https://ru.coursera.org/specializations/academic-english,"['punctuation', 'essay writing', 'academic writing', 'writing', 'english grammar', 'grammar', 'creative writing']"
1,https://ru.coursera.org/professional-certificates/arizona-state-university-tesol,"['efl', 'english language', 'tesol', 'esl', 'english language teaching', 'teaching', 'lesson plan', 'speech', 'plan']"
2,https://ru.coursera.org/learn/learning-how-to-learn,"['test preparation', 'learning to learn', 'pomodoro technique', 'meta learning']"
3,https://ru.coursera.org/learn/negotiation-skills,"['strategic negotiations', 'communication', 'negotiation', 'decision tree']"
4,https://ru.coursera.org/learn/the-science-of-well-being,"['gratitude', 'happiness', 'meditation', 'savoring']"
5,https://ru.coursera.org/specializations/career-success,"['project management', 'information technology (it) management', 'communication', 'negotiation', 'leadership', 'team management', 'task management', 'management', 'planning', 'plan', 'accounting', 'financial ratio']"
6,https://ru.coursera.org/learn/learn-chinese,"['grammar', 'communication', 'chinese language', 'speech']"
7,https://ru.coursera.org/learn/learn-korean,"['grammar', 'korean language', 'speech', 'writing']"
8,https://ru.coursera.org/learn/aprendiendo-a-aprender,"['organizing (management)', 'pomodoro technique', 'professional development', 'meta learning', 'learning to learn']"
9,https://ru.coursera.org/learn/medical-research,"['medicine', 'health research', 'medical terminology', 'medical writing', 'research methods']"
10,https://ru.coursera.org/projects/interactive-learning-genially,"['online tools', 'interactive learning', 'teaching tools', 'elementary teaching']"
11,https://ru.coursera.org/projects/student-creative-learning-buncee,"['online tools', 'interactive content creation', 'communication tools', 'learning tools']"
12,https://ru.coursera.org/projects/classroom-visualizations-collaborations-popplet,"[""teacher's toolkit"", 'elementary teaching', 'communications tools', 'online teaching tools']"
13,https://ru.coursera.org/projects/engaging-presentations-with-mentimeter,"['classroom engagement', 'presentation tools', 'teaching tools', 'elementary teaching']"
14,https://ru.coursera.org/projects/creating-portfolio-using-weebly,"['communication design', 'website development', 'portfolio creation', 'uploading images']"
15,https://ru.coursera.org/learn/happiness,"['gratitude', 'mindfulness', 'happiness', 'meditation']"
16,https://ru.coursera.org/learn/work-smarter-not-harder,"['task management', 'management', 'planning', 'plan']"
17,https://ru.coursera.org/learn/mindfulness,"['ethics', 'meditation', 'positive psychology', 'mindfulness', 'philosophy']"
18,https://ru.coursera.org/specializations/wharton-success,"['goal setting', 'happiness', 'personality development', 'personal development', 'communication', 'negotiation', 'deception']"
19,https://ru.coursera.org/specializations/positivepsychology,"['gratitude', 'goal setting', 'research methodology', 'resilience', 'character strengths and virtues', 'positive education', 'positive psychology', 'savoring', 'plan', 'communication', 'mindfulness', 'flourishing']"
20,https://ru.coursera.org/learn/wharton-success,"['goal setting', 'happiness', 'personality development', 'personal development']"
21,https://ru.coursera.org/learn/introduction-psych,"['psychological issues', 'psychology', 'social psychology', 'mental illness']"
22,https://ru.coursera.org/learn/success,"['personal branding', 'planning', 'social capital', 'self-motivation']"
23,https://ru.coursera.org/learn/science-exercise,"['training', 'nutrition', 'fitness and nutrition', 'public health']"
24,https://ru.coursera.org/learn/vital-signs,"['dolor assessment', 'metabolic pathways', 'vital signs', 'pain management']"
25,https://ru.coursera.org/learn/food-and-health,"['health informatics', 'nutrition', 'food safety', 'food science']"
26,https://ru.coursera.org/learn/adhd-treatment,"['teaching', 'communication', 'planning', 'attention deficit hyperactivity disorder (adhd)']"
27,https://ru.coursera.org/learn/childnutrition,"['nutrition', 'organic food', 'food safety', 'food science']"
28,https://ru.coursera.org/specializations/data-engineering-foundations,"['information engineering', 'python programming', 'extraction, transformation and loading (etl)', 'relational database management system (rdbms)', 'sql', 'data science', 'database (dbms)', 'nosql', 'data analysis', 'pandas', 'numpy', 'web scraping']"
29,https://ru.coursera.org/professional-certificates/ibm-full-stack-cloud-developer,"['node.js', 'docker', 'full stack developer', 'cloud native', 'devops', 'iaas paas saas', 'hybrid multicloud', 'cloud computing', 'kubernetes', 'containers', 'openshift', 'data science']"
30,https://ru.coursera.org/professional-certificates/sre-devops-engineer-google-cloud,"['google compute engine', 'google app engine (gae)', 'google cloud platform', 'cloud computing', 'sre culture', 'business value', 'organizational culture', 'disaster recovery', 'site reliability engineering', 'continuous delivery', 'kubernetes', 'jenkins (software)']"
31,https://ru.coursera.org/professional-certificates/gcp-cloud-architect,"['google compute engine', 'google app engine (gae)', 'google cloud platform', 'cloud computing', 'virtual machine', 'network architecture', 'debugging', 'cloud storage', 'data store', 'load balancing', 'virtual private network (vpn)', 'autoscaling']"
32,https://ru.coursera.org/professional-certificates/google-it-support,"['debugging', 'encryption algorithms and techniques', 'customer service', 'network protocols', 'cloud computing', 'binary code', 'customer support', 'linux', 'troubleshooting', 'domain name system (dns)', 'ipv4', 'network model']"
33,https://ru.coursera.org/specializations/key-technologies-for-business,"['data science', 'artificial intelligence (ai)', 'business', 'cloud computing', 'technology', 'cloud native', 'devops', 'iaas paas saas', 'hybrid multicloud', 'deep learning', 'jobs', 'machine learning']"
34,https://ru.coursera.org/professional-certificates/cloud-engineering-gcp,"['google compute engine', 'google app engine (gae)', 'google cloud platform', 'cloud computing', 'virtual machine', 'network architecture', 'debugging', 'cloud storage', 'data store', 'load balancing', 'virtual private network (vpn)', 'autoscaling']"
35,https://ru.coursera.org/learn/technical-support-fundamentals,"['binary code', 'customer support', 'linux', 'troubleshooting']"
36,https://ru.coursera.org/learn/seguridad-informatica,"['ciberseguridad', 'criptografía', 'seguridad inalámbrica', 'seguridad de la red']"
37,https://ru.coursera.org/professional-certificates/suporte-em-ti-do-google,"['linux', 'código binario', 'solución de problemas', 'soporte al cliente', 'ipv4', 'resolução de problemas', 'sistema de nomes de domínio (dns)', 'modelo de rede', 'powershell', 'sistemas de arquivos do linux', 'interface de comando', 'serviço de diretórios']"
38,https://ru.coursera.org/learn/asistencia-tecnica,"['linux', 'código binario', 'solución de problemas', 'soporte al cliente']"
39,https://ru.coursera.org/learn/fundamentos-do-suporte-tecnico,"['linux', 'código binario', 'solución de problemas', 'soporte al cliente']"
40,https://ru.coursera.org/projects/set-up-your-dev-environment-mern-developers-linux,"['mongoose', 'mern', 'mongodb', 'node', 'react']"
41,https://ru.coursera.org/projects/linux-ssh-to-remote-server--networking-basics-for-devops,"['server', 'domain name system (dns)', 'networking', 'ssh', 'keygen']"
42,https://ru.coursera.org/projects/package-installation-linux,"['xubuntu', 'linux', 'ubuntu']"
43,https://ru.coursera.org/projects/amazon-rekognition,"['aws', 'computervision']"
44,https://ru.coursera.org/projects/how-plan-content-calendar-trello,"['marketing', 'content creation', 'organization', 'manage', 'project management']"
45,https://ru.coursera.org/projects/overview-data-visualization,"['line graph', 'pie chart', 'data visualization (dataviz)', 'bar chart', 'data aggregation']"
46,https://ru.coursera.org/specializations/from-data-to-insights-google-cloud-platform,"['bigquery', 'machine learning', 'data visualization (dataviz)', 'sql', 'google cloud platform', 'cloud computing']"
47,https://ru.coursera.org/specializations/developing-apps-gcp,"['debugging', 'cloud storage', 'google cloud platform', 'cloud computing', 'google compute engine', 'google app engine (gae)', 'data store', 'application programming interfaces (api)', 'google container engine']"
48,https://ru.coursera.org/learn/google-kubernetes-engine,"['continuous delivery', 'kubernetes', 'google cloud platform', 'jenkins (software)']"
49,https://ru.coursera.org/specializations/apigee-api-gcp,"['oauth', 'api security', 'rest api design', 'openapi specifications', 'apigee api platform']"
50,https://ru.coursera.org/specializations/gcp-architecture,"['google compute engine', 'google app engine (gae)', 'google cloud platform', 'cloud computing', 'virtual machine', 'network architecture', 'debugging', 'cloud storage', 'data store', 'load balancing', 'virtual private network (vpn)', 'autoscaling']"
51,https://ru.coursera.org/specializations/gcp-data-machine-learning,"['tensorflow', 'bigquery', 'google cloud platform', 'cloud computing']"
52,https://ru.coursera.org/learn/cyber-conflicts,"['cybersecurity', 'cybercrime', 'cyberwarfare', 'internet protocol (ip) suite']"
53,https://ru.coursera.org/learn/iot-cyber-security,"['cybersecurity', 'wearable devices', 'internet of things (iot)', 'wearable technology']"
54,https://ru.coursera.org/learn/usable-security,"['cybersecurity', 'usability', 'privacy', 'user interface']"
55,https://ru.coursera.org/learn/cyber-security-domain,"['cybersecurity', 'cryptography', 'information security (infosec)', 'cyber-security regulation']"
56,https://ru.coursera.org/learn/uva-darden-continous-delivery-devops,"['devops', 'continuous delivery', 'unit testing', 'infrastructure as code', 'system testing']"
57,https://ru.coursera.org/learn/it-project-management,"['project management', 'risk management', 'agile management', 'program evaluation and review technique (pert)']"
58,https://ru.coursera.org/learn/aws-fundamentals-going-cloud-native,"['cloud computing security', 'aws cloud', 'cloud storage', 'cloud networking', 'cloud computing']"
59,https://ru.coursera.org/specializations/tesol,"['education', 'online learning']"
60,https://ru.coursera.org/specializations/business-english,"['business plan', 'english language', 'meeting', 'presentation', 'email writing', 'business communication', 'communication', 'professional', 'writing', 'negotiation', 'planning', 'language']"
61,https://ru.coursera.org/specializations/intermediate-grammar,"['english grammar', 'perfect tenses', 'english language', 'adjective', 'grammar', 'writing', 'apposition']"
62,https://ru.coursera.org/specializations/improve-english,"['professional', 'email writing', 'presentation', 'writing', 'communication', 'stress', 'public speaking', 'speech']"
63,https://ru.coursera.org/learn/speak-english-professionally,"['stress', 'communication', 'presentation', 'public speaking']"
64,https://ru.coursera.org/learn/professional-emails-english,"['professional', 'email writing', 'communication', 'writing']"
65,https://ru.coursera.org/learn/careerdevelopment,"['communication', 'english language', 'career development', 'writing']"
66,https://ru.coursera.org/learn/media,"['grammar', 'media analysis', 'english language', 'media literacy']"
67,https://ru.coursera.org/learn/tesol-speaking,"['teaching', 'english language', 'lesson plan', 'speech']"
68,https://ru.coursera.org/specializations/tesol-certificate-2,"['teaching', 'english language', 'lesson plan', 'speech', 'plan']"
69,https://ru.coursera.org/specializations/business-english-speakers,"['business communication', 'communication', 'business writing', 'writing', 'grammar', 'english language']"
70,https://ru.coursera.org/specializations/english-for-business,"['negotiation', 'english language', 'management', 'marketing', 'writing', 'communication', 'emailing', 'meeting', 'win-win game', 'business communication', 'finance', 'leadership']"
71,https://ru.coursera.org/learn/business,"['business plan', 'market research', 'english language', 'entrepreneurship']"
72,https://ru.coursera.org/specializations/hsk-learn-chinese,"['chinese language', 'hanyu shuiping kaoshi (hsk)']"
73,https://ru.coursera.org/specializations/learn-mandarin-chinese-intermediate,"['hsk3', 'business', 'foreign language', 'hanyu shuiping kaoshi (hsk)', 'mandarin chinese']"
74,https://ru.coursera.org/specializations/american-english-pronunciation,"['english language', 'pronunciation']"
75,https://ru.coursera.org/specializations/advanced-grammar-punctuation,"['english grammar', 'punctuation', 'grammar', 'english language', 'perfect tenses']"
76,https://ru.coursera.org/learn/psychological-first-aid,"['reflective listening', 'active listening', 'crisis intervention', 'psychological first aid']"
77,https://ru.coursera.org/specializations/bioinformatics,"['whole genome sequencing', 'viterbi algorithm', 'suffix tree', 'python programming', 'algorithms', 'unweighted pair group method with arithmetic mean (upgma)', 'bioinformatics', 'bioinformatics algorithms', 'dynamic programming', 'graph theory']"
78,https://ru.coursera.org/specializations/professional-epidemiology,"['outbreak investigation', 'public health surveillance', 'visualization', 'statistics', 'epidemiology', 'estimation', 'geographic information system (gis)', 'statistical methods', 'data collection', 'surveillance', 'disease surveillance', 'data analysis']"
79,https://ru.coursera.org/learn/introduction-psychology,"['reasoning', 'problem solving', 'abstract thinking', 'analytical thinking', 'critical thinking']"
80,https://ru.coursera.org/learn/science-of-meditation,"['philosophy', 'psychology', 'mindfulness', 'meditation']"
81,https://ru.coursera.org/learn/covid-19-contact-tracing,"['ethics', 'active listening', 'public health', 'contact tracing', 'epidemiology']"
82,https://ru.coursera.org/learn/dino101,"['biodiversity', 'biology', 'evolution', 'paleontology']"
83,https://ru.coursera.org/projects/access-bioinformatics-databases-with-biopython,"['bioinformatics', 'python programming', 'access biological database']"
84,https://ru.coursera.org/projects/sars-cov-2-protein-modeling-and-drug-docking,"['bioinformatics', 'drug docking', 'protein modeling', 'protein visualisation']"
85,https://ru.coursera.org/projects/3d-sars-cov-19-protein-visualization-with-biopython,"['sars-cov-19', 'biopython', 'python programming', 'bioinformatics', 'biotechnology']"
86,https://ru.coursera.org/projects/covid-19-series-temporelles-python,"['data analysis', 'pandas', 'visualisation des données', 'programmation python']"
87,https://ru.coursera.org/projects/medical-image-classification-tensorflow,"['tensorflow in production', 'image classification', 'health informatics analysis']"
88,https://ru.coursera.org/learn/genetics-evolution,"['biology', 'genetics', 'evolution', 'genomics']"
89,https://ru.coursera.org/learn/clinical-terminology,"['english language', 'clinical experience', 'vital signs', 'medical device']"
90,https://ru.coursera.org/learn/statistical-genomics,"['statistics', 'data analysis', 'r programming', 'biostatistics']"
91,https://ru.coursera.org/learn/physiology,"['metabolic pathways', 'biology', 'organ systems', 'medicine']"
92,https://ru.coursera.org/specializations/patient-safety,"['patient care', 'patient safety', 'comprehensive unit-based safety program (cusp) toolkit', 'quality improvement', 'systems thinking', 'communication', 'healthcare leadership', 'organizational culture', 'project management', 'design thinking', 'change management', 'project planning']"
93,https://ru.coursera.org/specializations/healthcare-marketplace,"['medical device', 'cost–benefit analysis', 'healthcare delivery systems', 'evaluation', 'health insurance', 'healthcare management', 'insurance', 'healthcare marketing']"
94,https://ru.coursera.org/specializations/healthcare-trends-business-professionals,"['predictive analytics', 'analytics', 'decision support system', 'workflow']"
95,https://ru.coursera.org/specializations/healthcare-organization-operations,"['pharmacy healthcare organization operations', 'public health and wellness healthcare organization operations', 'medical healthcare organization operations', 'healthcare administration', 'dental healthcare organization operations']"
96,https://ru.coursera.org/specializations/leadership-nursing-informatics,"['nursing informatics', 'leadership knowledge', 'organizational and practice insights', 'foresight leadership skills', 'leadership theory', 'leadership', 'nursing', 'exercise', 'leadership dynamics', 'professional development']"
97,https://ru.coursera.org/specializations/healthcare-administration-management,"['insurance', 'health economics']"
98,https://ru.coursera.org/specializations/statistical-analysis-r-public-health,"['statistical thinking', 'survival analysis', 'logistic regression', 'data analysis with r', 'linear regression', 'run basic analyses in r', 'r programming', 'understand common data distributions and types of variables', 'formulate a scientific hypothesis', 'correlation and dependence', 'understand common ways to choose what predictors go into a regression model', 'run and interpret kaplan-meier curves in r']"
99,https://ru.coursera.org/specializations/public-health-epidemiology,"['association', 'screening', 'causal inference', 'clinical study design', 'bias', 'incidence', 'epidemiology', 'prevalence', 'randomized controlled trial', 'case-control study', 'study designs', 'cohort']"
100,https://ru.coursera.org/specializations/social-welfare-policy,"['formulate practice strategies to overcome the historic biases in social welfare programs', 'distinguish the values inherent in each social policy initiative', 'differentiate alternative approaches to social policy problems', 'critique components of a social policy based on their effectiveness at meeting the goals stated in the initiative', 'develop social welfare policy analysis and reform proposals', '-\tdistinguish the values inherent in each social policy initiative', '-\tcritique components of a social policy based on their effectiveness at meeting the goals stated in the initiative', '-\tdevelop social welfare policy analysis and reform proposals', '-\tdifferentiate alternative approaches to social policy problems', '-\tformulate practice strategies to overcome the historic biases in social welfare programs']"
101,https://ru.coursera.org/specializations/discrete-mathematics,"['graph theory', 'number theory', 'cryptography', 'probability', 'mathematical induction', 'proof theory', 'discrete mathematics', 'mathematical logic', 'random variable', 'probability interpretations', 'combinatorics', 'modular exponentiation']"
102,https://ru.coursera.org/learn/game-theory-1,"['game theory', 'backward induction', 'bayesian game', 'problem solving']"
103,https://ru.coursera.org/learn/crypto,"['cryptography', 'cryptographic attacks', 'public-key cryptography', 'symmetric-key algorithm']"
104,https://ru.coursera.org/learn/linear-algebra-machine-learning,"['eigenvalues and eigenvectors', 'basis (linear algebra)', 'transformation matrix', 'linear algebra']"
105,https://ru.coursera.org/specializations/mathematics-machine-learning,"['eigenvalues and eigenvectors', 'principal component analysis (pca)', 'multivariable calculus', 'linear algebra', 'basis (linear algebra)', 'transformation matrix', 'linear regression', 'vector calculus', 'gradient descent', 'dimensionality reduction', 'python programming']"
106,https://ru.coursera.org/learn/data-scientists-tools,"['data science', 'github', 'r programming', 'rstudio']"
107,https://ru.coursera.org/learn/sql-for-data-science,"['data science', 'data analysis', 'sqlite', 'sql']"
108,https://ru.coursera.org/learn/mathematical-thinking,"['number theory', 'real analysis', 'mathematical logic', 'language']"
109,https://ru.coursera.org/learn/differential-equations-engineers,"['ordinary differential equation', 'partial differential equation (pde)', 'engineering mathematics']"
110,https://ru.coursera.org/learn/ekonometrika,"['statistics', 'time series', 'econometrics', 'r programming']"
111,https://ru.coursera.org/learn/contenido-matematica-escolar,"['identificar temas para la planificación de clases', 'usar algunos materiales y recursos', 'reconocer cómo se hacen presentes las matemáticas en lo cotidiano', 'conocer temas de las matemáticas de primaria', 'identificar ejemplos del uso de las matemáticas']"
112,https://ru.coursera.org/projects/simulate-machine-intel-fuzzy-logic-google-sheets-bigml,"['fuzzy logic', 'machine learning', 'bigml', 'google sheets', 'set theory']"
113,https://ru.coursera.org/projects/scatter-plot-data-scientists-big-data-analysts-visuals,"['functions', 'curve plotting', 'graphical analysis', 'wolfram programming']"
114,https://ru.coursera.org/projects/play-with-graphs-using-wolfram-mathematica,"['functions', 'domain', 'plotting of curve', 'wolfram language', 'range']"
115,https://ru.coursera.org/projects/laws-of-mechanics,"['dynamics', 'mechanics', 'physics-kinematics']"
116,https://ru.coursera.org/projects/excel-basics-for-data-visualizations-z02aw,"['excel spreadsheets', 'charts', 'dashboards', 'storytelling', 'data visualizations']"
117,https://ru.coursera.org/learn/datasciencemathskills,"[""bayes' theorem"", 'bayesian probability', 'probability', 'probability theory']"
118,https://ru.coursera.org/learn/statistical-inferences,"['likelihood function', 'bayesian statistics', 'p-value', 'statistical inference']"
119,https://ru.coursera.org/learn/bayesian,"['bayesian statistics', 'bayesian linear regression', 'bayesian inference', 'r programming']"
120,https://ru.coursera.org/learn/inferential-statistics-intro,"['statistical inference', 'statistical hypothesis testing', 'r programming']"
121,https://ru.coursera.org/learn/probability-intro,"['statistics', 'r programming', 'rstudio', 'exploratory data analysis']"
122,https://ru.coursera.org/learn/mcmc-bayesian-statistics,"['gibbs sampling', 'bayesian statistics', 'bayesian inference', 'r programming']"
123,https://ru.coursera.org/learn/algorithms-part1,"['data structure', 'algorithms', 'java programming']"
124,https://ru.coursera.org/learn/logic-introduction,"['relational algebra', 'problem solving', 'propositional calculus', 'mathematical logic']"
125,https://ru.coursera.org/learn/algorithms-greedy,"['spanning tree', 'algorithms', 'dynamic programming', 'greedy algorithm']"
126,https://ru.coursera.org/specializations/data-structures-algorithms,"['debugging', 'software testing', 'algorithms', 'data structure', 'computer programming', 'dynamic programming', 'binary search tree', 'priority queue', 'hash table', 'stack (abstract data type)', 'list', 'graph theory']"
127,https://ru.coursera.org/specializations/algorithms,"['algorithms', 'dynamic programming', 'greedy algorithm', 'divide and conquer algorithms', 'randomized algorithm', 'sorting algorithm', 'graphs', 'data structure', 'hash table', 'spanning tree', 'np-completeness']"
128,https://ru.coursera.org/learn/vector-calculus-engineers,"['multivariable calculus', 'engineering mathematics', 'calculus three']"
129,https://ru.coursera.org/learn/single-variable-calculus,"['series expansions', 'calculus', 'series expansion']"
130,https://ru.coursera.org/learn/image-processing,"['image processing', 'image compression', 'image restoration', 'image segmentation']"
131,https://ru.coursera.org/learn/matrix-algebra-engineers,"['linear algebra', 'engineering mathematics']"
132,https://ru.coursera.org/learn/fibonacci,"['recreational mathematics', 'discrete mathematics', 'elementary mathematics']"
133,https://ru.coursera.org/specializations/mathematics-for-data-science,"['calculus', 'probability', 'discrete mathematics', 'linear algebra']"
134,https://ru.coursera.org/learn/complex-analysis,"['conformal mapping', 'laurent series', 'power series', 'complex analysis', 'complex numbers']"
135,https://ru.coursera.org/learn/introduction-to-calculus,"['logic', 'mathematics', 'calculus']"
136,https://ru.coursera.org/specializations/precalculus-data-modelling,"['function analysis', 'vectors', 'regression', 'data analysis', 'modelling']"
137,https://ru.coursera.org/specializations/advanced-statistics-data-science,"['r programming', 'linear regression', 'statistical hypothesis testing', 'statistics', 'linear algebra', 'confidence interval', 'biostatistics']"
138,https://ru.coursera.org/learn/financial-markets-global,"['behavioral finance', 'financial markets', 'finance', 'behavioral economics']"
139,https://ru.coursera.org/specializations/music-education,"['music', 'music production', 'improvisation', 'songwriting', 'music education', 'classroom management', 'curriculum design', 'teaching', 'learning', 'music performance', 'jazz', 'jazz improvisation']"
140,https://ru.coursera.org/specializations/social-science,"['statistics', 'statistical inference', 'r programming', 'qualitative research', 'confidence interval', 'statistical hypothesis testing', 'regression analysis', 'analysis of variance (anova)']"
141,https://ru.coursera.org/learn/marketing-digital,"['digital marketing', 'marketing', 'pricing strategies', 'marketing mix', 'product strategies']"
142,https://ru.coursera.org/learn/what-is-corruption-anti-corruption-compliance,"['risk management', 'operations management', 'corruption', 'strategic planning']"
143,https://ru.coursera.org/projects/online-teaching-with-buncee,"['elementary teaching', 'interactive content', 'classroom communication tools', 'online teaching tools']"
144,https://ru.coursera.org/projects/atitudes-netlogo,"['abm', 'modelagem', 'lógica', 'abstração conceitual']"
145,https://ru.coursera.org/specializations/become-a-journalist,"['journalism', 'writing', 'professional', 'news writing', 'multimedia']"
146,https://ru.coursera.org/learn/journalism,"['english grammar', 'news reporting', 'english language', 'broadcast']"
147,https://ru.coursera.org/learn/instructional-methods-education,"['teaching', 'simulation', 'instructional design', 'teaching method']"
148,https://ru.coursera.org/learn/e-learning,"['cross-cultural communication', 'american higher education', 'online learning', 'academic skills', 'remote work']"
149,https://ru.coursera.org/specializations/virtual-teacher,"['education', 'resource', 'planning', 'collaboration', 'teaching', 'online learning', 'lesson plan', 'social media', 'evaluation']"
150,https://ru.coursera.org/learn/antiracism-1,"['history of race and racism', 'talking about race and racism', 'anti-racism terms', 'identity', 'anti-racism']"
151,https://ru.coursera.org/specializations/robotics,"['motion planning', 'particle filter', 'matlab', 'robotics', 'quadcoper', 'automated planning and scheduling', 'a* search algorithm', 'serial line internet protocol (slip)', 'robot', 'computer vision', 'estimation', 'random sample consensus (ransac)']"
152,https://ru.coursera.org/specializations/cyber-security,"['software testing', 'cryptography', 'usability', 'penetration test', 'cybersecurity', 'privacy', 'user interface', 'fuzz testing', 'buffer overflow', 'sql injection', 'number theory', 'public-key cryptography']"
153,https://ru.coursera.org/specializations/power-electronics,"['understand the fundamentals of magnetic components including inductors and transformers', 'design and optimize inductors and transformers for switched-mode power converters', 'analyze and model losses in magnetic components']"
154,https://ru.coursera.org/specializations/gis,"['geographic information system (gis)', 'satellite', 'imagery analysis', 'model building', 'spatial visualization', 'spatial analysis', 'data analysis', 'data visualization (dataviz)', 'software', 'analytics', 'workflow', 'data management']"
155,https://ru.coursera.org/specializations/iot,"['arduino', 'python programming', 'internet of things (iot)', 'raspberry pi', 'microcontroller', 'embedded system design', 'wireshark', 'c programming', 'debugging', 'computer programming', 'application programming interfaces (api)']"
156,https://ru.coursera.org/learn/astro,"['solar systems', 'chemistry', 'theory of relativity', 'astrobiology']"
157,https://ru.coursera.org/learn/gis-data-acquisition-map-design,"['geographic information system (gis)', 'cartography', 'esri', 'mapping', 'spatial analysis']"
158,https://ru.coursera.org/learn/mountains-101,"['climate', 'history', 'ecology', 'geology', 'biodiversity']"
159,https://ru.coursera.org/learn/spatial-analysis-satellite-imagery-in-a-gis,"['geographic information system (gis)', 'cartography', 'esri', 'mapping', 'spatial analysis']"
160,https://ru.coursera.org/projects/behaviorspace-rawgraphs,"['modeling', 'data analysis', 'data visualization (dataviz)', 'abm']"
161,https://ru.coursera.org/projects/analises-rede,"['apresentação', 'métricas de rede', 'contação de história', 'pensamento complexo']"
162,https://ru.coursera.org/projects/build-neural-network,"['artificial neural network', 'python programming', 'networks']"
163,https://ru.coursera.org/projects/introducao-ao-inkscape,"['produzir diagramas de alta qualidade', 'edição de imagem', 'produzir pôster para congresso', 'edição de imagens vetorizadas']"
164,https://ru.coursera.org/specializations/cad-design-digital-manufacturing,"['computer-aided design (cad)', 'autodesk', 'manufacturing processes', 'sustainable design', 'mechanical design', '3d modeling', 'autocad']"
165,https://ru.coursera.org/specializations/digital-manufacturing-design-technology,"['artificial intelligence (ai)', 'digital design', 'manufacturing engineer', 'industry 4.0']"
166,https://ru.coursera.org/learn/lean-manufacturing-services,"['value stream mapping', 'lean manufacturing', 'lean thinking', 'lean methods']"
167,https://ru.coursera.org/learn/machine-learning,"['logistic regression', 'artificial neural network', 'machine learning (ml) algorithms', 'machine learning']"
168,https://ru.coursera.org/learn/intro-to-deep-learning,"['recurrent neural network', 'tensorflow', 'convolutional neural network', 'deep learning']"
169,https://ru.coursera.org/learn/arduino,"['electronics', 'computer programming', 'arduino', 'robotics']"
170,https://ru.coursera.org/learn/iot-architecture,"['internet of things (iot)', 'debugging', 'real-time operating system (rtos)']"
171,https://ru.coursera.org/learn/indigenous-canada,"['art history', 'art', 'history', 'mythology']"
172,https://ru.coursera.org/specializations/creative-writing,"['short story writing', 'fiction writing', 'creativity', 'copy editing']"
173,https://ru.coursera.org/specializations/ui-ux-design,"['website wireframe', 'strategy', 'user interface design (ui design)', 'user experience (ux)', 'user research', 'graphic design', 'adobe xd', 'adobe illustrator', 'invision', 'marvel', 'adobe indesign', 'treejack']"
174,https://ru.coursera.org/specializations/diy-musician,"['crowdfunding', 'music production', 'social media', 'songwriting', 'music recording', 'music', 'poetry', 'audio production', 'midi', 'pro tools', 'music business', 'marketing']"
175,https://ru.coursera.org/specializations/graphic-design,"['visual communication', 'branding communication', 'graphic design', 'art history', 'typography', 'creativity', 'graphics', 'design theory', 'color theory', 'adobe illustrator', 'history', 'adobe indesign']"
176,https://ru.coursera.org/specializations/modern-contemporary-art-design,"['photography', 'design', 'art', 'history', 'museums', 'creativity', 'art history', 'art direction']"
177,https://ru.coursera.org/specializations/singer-songwriter,"['music production', 'ableton', 'singing', 'songwriting', 'guitar', 'tablature', 'music notation', 'guitar scales', 'guitar chords', 'popular music', 'breathing techniques', 'belting']"
178,https://ru.coursera.org/learn/fundamentals-of-graphic-design,"['creativity', 'graphics', 'design theory', 'color theory']"
179,https://ru.coursera.org/learn/introclassicalmusic,"['art history', 'music', 'chord', 'history']"
180,https://ru.coursera.org/learn/painting,"['art history', 'art', 'history', 'color theory']"
181,https://ru.coursera.org/projects/draw-isometric-snow-globe-inkscape,"['inkscape', 'vector graphics', 'graphic design', 'isometric']"
182,https://ru.coursera.org/projects/master-bezier-pen-inkscape,"['inkscape', 'vector graphics', 'graphic design', 'bezier pen tool']"
183,https://ru.coursera.org/projects/create-emotes-inkscape,"['inkscape', 'graphic design', 'vectors', 'emotes']"
184,https://ru.coursera.org/projects/draw-isometric-house-inkscape,"['inkscape', 'vector graphics', 'graphic design', 'isometric design']"
185,https://ru.coursera.org/projects/draw-isometric-sign-post-inkscape,"['inkscape', 'vector graphics', 'graphic design', 'isometric design']"
186,https://ru.coursera.org/learn/fashion-design,"['art history', 'art', 'history', 'creativity']"
187,https://ru.coursera.org/learn/photography,"['photography', 'art', 'history', 'museums', 'art history']"
188,https://ru.coursera.org/learn/modern-art-ideas,"['creativity', 'art', 'history', 'art history', 'art direction']"
189,https://ru.coursera.org/specializations/photography-basics,"['social media', 'photography', 'copywriting', 'writing', 'confidence', 'history', 'creativity', 'art', 'project']"
190,https://ru.coursera.org/specializations/effective-business-communication,"['business writing', 'presentation', 'graphic design', 'writing', 'grammar', 'communication', 'graphics', 'typography', 'public speaking']"
191,https://ru.coursera.org/learn/poetry-workshop,"['music', 'poetry writing', 'art', 'creativity']"
192,https://ru.coursera.org/professional-certificates/ibm-data-analyst,"['microsoft excel', 'python programming', 'data analysis', 'data visualization (dataviz)', 'sql', 'data science', 'spreadsheet', 'pivot table', 'ibm cognos analytics', 'dashboard', 'pandas', 'numpy']"
193,https://ru.coursera.org/specializations/wharton-business-foundations,"['positioning (marketing)', 'marketing', 'marketing strategy', 'customer satisfaction', 'financial accounting', 'accounting', 'financial statement', 'balance sheet', 'decision-making', 'change management', 'human resources (hr)', 'discounted cash flow']"
194,https://ru.coursera.org/specializations/excel-mysql,"['binary classification', 'data analysis', 'tableau software', 'sql', 'business analysis', 'business analytics', 'business process', 'microsoft excel', 'linear regression', 'data visualization (dataviz)', 'visualization (computer graphics)', 'mysql']"
195,https://ru.coursera.org/specializations/project-management-success,"['project management', 'risk management', 'communication', 'negotiation', 'project', 'planning', 'project planning', 'change control', 'change management', 'proofreading', 'business writing', 'writing']"
196,https://ru.coursera.org/specializations/ibm-ai-foundations-for-business,"['data science', 'artificial intelligence (ai)', 'information technology (it) architecture', 'data architecture', 'leadership', 'deep learning', 'jobs', 'machine learning', 'management', 'analytics', 'innovation']"
197,https://ru.coursera.org/learn/excel-intermediate-1,"['concatenation', 'microsoft excel', 'consolization', 'pivot table', 'pivot chart']"
198,https://ru.coursera.org/learn/legaltech,"['prototipos de software legal', 'blockchain y la inteligencia artificial', 'administración de justicia', 'transformación digital del derecho', 'industria legal']"
199,https://ru.coursera.org/learn/effective-compliance-programs,"['management', 'strategic planning', 'compliance', 'organizational behavior']"
200,https://ru.coursera.org/projects/choosing-facebook-post-type-desired-engagement,"['social media strategy', 'marketing', 'facebook strategy', 'writing', 'business strategy']"
201,https://ru.coursera.org/projects/create-affinity-diagram-miro,"['analyzing complex problems', 'developing innovative solutions', 'project team management', 'idea generation', 'organizing data and business intelligence']"
202,https://ru.coursera.org/projects/how-create-facebook-business-manager-account,"['facebook', 'facebook business manager']"
203,https://ru.coursera.org/projects/crea-pagina-vistazo-empresa-canva,"['canva', 'marketing', 'graphic design']"
204,https://ru.coursera.org/projects/create-glance-page-company-canva,"['advertising', 'canva', 'marketing', 'graphic design']"
205,https://ru.coursera.org/specializations/strategic-leadership,"['strategic management', 'negotiation', 'leadership', 'business strategy', 'group decision-making', 'managing motivation', 'individual decision-making', 'communication in small groups', 'performance management', 'change management', 'conflict resolution', 'organizational structure']"
206,https://ru.coursera.org/specializations/value-chain-management,"['management accounting', 'quality control', 'operations management', 'marketing', 'cost accounting', 'activity based costing', 'cost', 'accounting', 'investment', 'analysis of variance (anova)', 'supply chain', 'inventory']"
207,https://ru.coursera.org/specializations/financial-management,"['financial mismanagement', 'financial management', 'risk management', 'investment', 'financial aid management', 'financial accounting', 'accounting', 'accrual', 'financial statement', 'cash flow', 'cash flow statement', 'stock']"
208,https://ru.coursera.org/specializations/innovation-creativity-entrepreneurship,"['creativity', 'business model', 'entrepreneurship', 'innovation management', 'innovation', 'business value', 'management', 'disruptive innovation', 'emotional intelligence', 'personal productivity', 'adaptibility', 'problem solving']"
209,https://ru.coursera.org/specializations/digital-marketing,"['digital marketing', 'marketing', 'pricing strategies', 'marketing mix', 'product strategies', 'data collection', 'analytics', 'data analysis', 'data visualization (dataviz)', 'marketing analytics', 'marketing performance', 'marketing channel']"
210,https://ru.coursera.org/specializations/managerial-economics-business-analysis,"['economics', 'supply and demand', 'statistical analysis', 'statistical hypothesis testing', 'consumer behaviour', 'cost', 'externality', 'game theory', 'market (economics)', 'interest rate', 'supply chain', 'data analysis']"
211,https://ru.coursera.org/learn/bcg-uva-darden-digital-transformation,"['technology disruption', 'digital trends', 'competitive lifecycle', 'digital strategy', 'strategic management']"
212,https://ru.coursera.org/learn/everyday-leadership-foundation,"['group decision-making', 'managing motivation', 'individual decision-making', 'communication in small groups', 'leadership']"
213,https://ru.coursera.org/learn/data-science-course,"['data science', 'data analysis', 'machine learning', 'project']"
214,https://ru.coursera.org/learn/ai-for-everyone,"['workflow of machine learning projects', 'ai terminology', 'ai strategy', 'workflow of data science projects']"
215,https://ru.coursera.org/learn/negotiation,"['game theory', 'negotiation', 'collaboration', 'principled negotiation']"
216,https://ru.coursera.org/learn/bridging-strategy-design-delivery-gap,"['strategy implementation', 'business strategy', 'management', 'strategic management', 'leadership']"
217,https://ru.coursera.org/learn/strategic-innovation-building-and-sustaining-innovative-organizations,"['business model', 'innovation', 'business value', 'innovation management']"
218,https://ru.coursera.org/learn/uva-darden-getting-started-agile,"['agile user stories', 'user experience design (uxd)', 'agile software development', 'product management', 'software development']"
219,https://ru.coursera.org/learn/digital-transformations,"['business transformation', 'digital strategy', 'business model', 'disruptive innovation']"
220,https://ru.coursera.org/specializations/digital-transformation-financial-services,"['digital strategy', 'open banking', 'innovation', 'financial technology', 'financial services', 'business ecosystem', 'crowdfunding', 'peer-to-peer lending']"
221,https://ru.coursera.org/learn/uva-darden-design-thinking-innovation,"['strategic thinking', 'design thinking', 'innovation management', 'design management', 'innovation']"
222,https://ru.coursera.org/learn/excel-analysis,"['data analysis', 'microsoft excel', 'pivot table', 'data cleansing']"
223,https://ru.coursera.org/learn/advanced-excel,"['dashboard (business)', 'microsoft excel', 'data virtualization', 'data visualization (dataviz)']"
224,https://ru.coursera.org/learn/excel-vba-for-creative-problem-solving-part-1,"['microsoft excel vba', 'computer programming', 'problem solving', 'debugging']"
225,https://ru.coursera.org/specializations/excel,"['data validation', 'microsoft excel', 'microsoft excel macro', 'pivot table', 'graphs', 'spreadsheet', 'chart', 'concatenation', 'consolization', 'pivot chart', 'lookup table', 'microsoft excel vba']"
226,https://ru.coursera.org/specializations/python,"['json', 'xml', 'python programming', 'database (dbms)', 'python syntax and semantics', 'basic programming language', 'computer programming', 'data structure', 'tuple', 'web scraping', 'sqlite', 'sql']"
227,https://ru.coursera.org/professional-certificates/applied-artifical-intelligence-ibm-watson-ai,"['data science', 'deep learning', 'artificial intelligence (ai)', 'jobs', 'machine learning', 'application programming interfaces (api)', 'watson', 'python programming', 'data analysis', 'pandas', 'numpy', 'application development']"
228,https://ru.coursera.org/specializations/applied-data-science,"['data science', 'python programming', 'data analysis', 'pandas', 'numpy', 'ipython', 'predictive modelling', 'data visualization (dataviz)', 'model selection', 'data virtualization', 'matplotlib']"
229,https://ru.coursera.org/specializations/deep-learning,"['artificial neural network', 'convolutional neural network', 'tensorflow', 'recurrent neural network', 'transformers', 'deep learning', 'backpropagation', 'python programming', 'neural network architecture', 'mathematical optimization', 'hyperparameter tuning', 'inductive transfer']"
230,https://ru.coursera.org/projects/configurer-securiser-deployer-nextcloud-avec-docker,"['docker', 'nextcloud', 'database (dbms)', 'docker-compose', 'linux bash']"
231,https://ru.coursera.org/projects/crime-zone-heatmaps-python-folium,"['data science', 'python programming', 'pandas', 'data visualization (dataviz)', 'folium']"
232,https://ru.coursera.org/projects/leverage-icebreaker-tools-run-inclusive-meetings-miro,"['onboarding team members', 'team building', 'running remote meetings', 'running inclusive meetings', 'project management']"
233,https://ru.coursera.org/projects/draw-wireframe-miro,"['improving user acceptance (ua)', 'product development', 'user experience design (uxd)', 'user interface (ui) design', 'user centered design (ucd)']"
234,https://ru.coursera.org/projects/create-landscapes-unity-foliage-rocks-lake,"['video-game development', 'c sharp (c#) programming language', 'unity 3d', 'unity', 'application development']"
235,https://ru.coursera.org/learn/neural-networks-deep-learning,"['deep learning', 'artificial neural network', 'backpropagation', 'python programming', 'neural network architecture']"
236,https://ru.coursera.org/learn/python,"['python syntax and semantics', 'basic programming language', 'computer programming', 'python programming']"
237,https://ru.coursera.org/learn/algorithms-part2,"['graphs', 'data structure', 'algorithms', 'data compression']"
238,https://ru.coursera.org/learn/nand2tetris2,"['computer architecture', 'compiler construction', 'compiler', 'operating system']"
239,https://ru.coursera.org/learn/programming-languages-part-c,"['ruby (programming language)', 'programming language', 'object-oriented programming (oop)', 'subtyping']"
240,https://ru.coursera.org/learn/programming-languages-part-b,"['racket (programming language)', 'programming language concepts', 'type system', 'functional programming']"
241,https://ru.coursera.org/learn/python-programming-introduction,"['python syntax and semantics', 'python libraries', 'computer programming', 'python programming']"
242,https://ru.coursera.org/specializations/python-3-programming,"['json', 'computer programming', 'python programming', 'sorting']"
243,https://ru.coursera.org/learn/interactive-python-1,"['programming principles', 'python syntax and semantics', 'computer programming', 'python programming']"
244,https://ru.coursera.org/specializations/introduction-scripting-in-python,"['codeskulptor', 'data analysis', 'python programming', 'data visualization (dataviz)', 'python syntax and semantics', 'debugging', 'tuple', 'list & label']"
245,https://ru.coursera.org/learn/angular,"['node.js', 'angularjs', 'reactive programming', 'typescript']"
246,https://ru.coursera.org/learn/html,"['web design', 'web accessibility', 'html', 'html5']"
247,https://ru.coursera.org/learn/server-side-nodejs,"['authentication', 'node.js', 'mongodb', 'express.js']"
248,https://ru.coursera.org/specializations/full-stack-mobile-app-development,"['bootstrap (front-end framework)', 'node.js', 'jquery', 'sass (stylesheet language)', 'angularjs', 'reactive programming', 'typescript', 'authentication', 'mongodb', 'express.js']"
249,https://ru.coursera.org/learn/progfun1,"['scala programming', 'recursion', 'functional programming', 'immutable data types', 'higher-order function']"
250,https://ru.coursera.org/learn/object-oriented-design,"['object-oriented design', 'object-oriented analysis and design', 'unified modeling language (uml)']"
251,https://ru.coursera.org/learn/parallel-programming-in-java,"['dataflow', 'parallel computing', 'java concurrency', 'data parallelism']"
252,https://ru.coursera.org/specializations/programming-unity-game-development,"['video game development', 'c sharp (c#) (programming language)', 'unity (user interface)', 'game programming']"
253,https://ru.coursera.org/specializations/game-development,"['video game development', 'unity', 'video game', 'game design', 'technology', 'game making']"
254,https://ru.coursera.org/specializations/virtual-reality,"['interaction design', '3d computer graphics', 'virtual world', 'virtual reality']"
